method,timeframe,cost,volatility,return
DCA,1,0.2362765865,1.2779021961,0.0000000000
DCA-rebalance,1,0.2362437007,2.0631759832,-0.0001565406
Oneoff,1,0.2362765865,1.2779021961,0.0000000000
oneoff-rebal.,1,0.2362437007,2.0628762425,0.9113673219
