method,timeframe,cost,volatility,return
DCA,12,0.1998605882,2.0028752645,-28.4773527603
DCA-rebalance,12,0.1999334522,3.7736903415,-26.2005704610
Oneoff,12,0.1998812642,1.9287771672,-33.2628471813
oneoff-rebal.,12,0.1998757117,7.1833979115,-23.2434706362
